invoice_id,customer_id,invoice_date,invoice_amount,tax_amount,total_amount,payment_status,amount_paid,payment_date,write_off_flag
INV37605,CUST1000,2026-01-25,2708,135.4,2843.4,Paid,2708.0,2026-01-25,No
INV72646,CUST1000,2025-11-07,2708,135.4,2843.4,Partial,1354.0,2025-11-07,No
INV83294,CUST1000,2025-09-05,2708,135.4,2843.4,Unpaid,0.0,,No
INV70428,CUST1000,2025-12-05,2708,135.4,2843.4,Unpaid,0.0,,Yes
INV10671,CUST1000,2025-11-11,2708,135.4,2843.4,Unpaid,0.0,,No
INV39300,CUST1001,2025-09-15,1175,58.75,1233.75,Paid,1175.0,2025-09-15,No
INV43361,CUST1001,2025-12-29,1175,58.75,1233.75,Paid,1175.0,2025-12-29,No
INV65316,CUST1001,2025-08-28,1175,58.75,1233.75,Paid,1175.0,2025-08-28,No
INV13191,CUST1002,2025-10-19,4330,216.5,4546.5,Unpaid,0.0,,No
INV16172,CUST1003,2025-09-24,3435,171.75,3606.75,Paid,3435.0,2025-09-24,No
INV61431,CUST1004,2025-12-05,2370,118.5,2488.5,Paid,2370.0,2025-12-05,No
INV98789,CUST1004,2025-12-29,2370,118.5,2488.5,Paid,2370.0,2025-12-29,No
INV57684,CUST1005,2025-11-06,3360,168.0,3528.0,Paid,3360.0,2025-11-06,No
INV80476,CUST1006,2025-11-06,4191,209.55,4400.55,Paid,4191.0,2025-11-06,Yes
INV99570,CUST1007,2025-09-25,3765,188.25,3953.25,Unpaid,0.0,,Yes
INV54857,CUST1007,2025-09-21,3765,188.25,3953.25,Paid,3765.0,2025-09-21,No
INV74027,CUST1007,2025-09-15,3765,188.25,3953.25,Partial,1882.5,2025-09-15,No
INV86295,CUST1008,2026-01-27,4443,222.15,4665.150000000001,Paid,4443.0,2026-01-27,No
INV49279,CUST1008,2025-12-25,4443,222.15,4665.150000000001,Unpaid,0.0,,No
INV87360,CUST1009,2025-11-20,4650,232.5,4882.5,Paid,4650.0,2025-11-20,No
INV88040,CUST1010,2025-11-15,1672,83.60000000000001,1755.6000000000001,Unpaid,0.0,,No
INV95667,CUST1010,2025-10-10,1672,83.60000000000001,1755.6000000000001,Paid,1672.0,2025-10-10,No
INV49071,CUST1010,2026-01-30,1672,83.60000000000001,1755.6000000000001,Paid,1672.0,2026-01-30,No
INV67866,CUST1010,2025-12-31,1672,83.60000000000001,1755.6000000000001,Paid,1672.0,2025-12-31,Yes
INV55000,CUST1011,2025-08-17,2052,102.60000000000001,2154.6,Paid,2052.0,2025-08-17,No
INV87425,CUST1012,2025-11-15,2114,105.7,2219.7000000000003,Paid,2114.0,2025-11-15,No
INV86971,CUST1012,2025-08-27,2114,105.7,2219.7000000000003,Partial,1057.0,2025-08-27,No
INV71332,CUST1012,2025-08-11,2114,105.7,2219.7000000000003,Unpaid,0.0,,No
INV66849,CUST1013,2026-01-20,3698,184.9,3882.9,Partial,1849.0,2026-01-20,No
INV33911,CUST1014,2025-09-28,877,43.85,920.85,Paid,877.0,2025-09-28,No
INV67941,CUST1014,2025-09-03,877,43.85,920.85,Paid,877.0,2025-09-03,No
INV58908,CUST1014,2025-11-04,877,43.85,920.85,Partial,438.5,2025-11-04,No
INV65731,CUST1014,2026-01-03,877,43.85,920.85,Paid,877.0,2026-01-03,No
INV56486,CUST1014,2025-10-29,877,43.85,920.85,Paid,877.0,2025-10-29,No
INV77260,CUST1015,2026-01-10,3421,171.05,3592.05,Paid,3421.0,2026-01-10,No
INV93986,CUST1015,2026-01-29,3421,171.05,3592.05,Paid,3421.0,2026-01-29,No
INV19496,CUST1015,2026-01-02,3421,171.05,3592.05,Partial,1710.5,2026-01-02,No
INV75095,CUST1015,2025-10-13,3421,171.05,3592.05,Unpaid,0.0,,No
INV48787,CUST1015,2026-01-27,3421,171.05,3592.05,Partial,1710.5,2026-01-27,No
INV13081,CUST1016,2025-10-26,1400,70.0,1470.0,Paid,1400.0,2025-10-26,No
INV35498,CUST1016,2025-12-17,1400,70.0,1470.0,Paid,1400.0,2025-12-17,No
INV57701,CUST1017,2025-09-17,1865,93.25,1958.25,Paid,1865.0,2025-09-17,No
INV36832,CUST1017,2025-12-05,1865,93.25,1958.25,Unpaid,0.0,,Yes
INV99464,CUST1017,2025-10-03,1865,93.25,1958.25,Partial,932.5,2025-10-03,No
INV15110,CUST1017,2025-09-10,1865,93.25,1958.25,Unpaid,0.0,,No
INV19596,CUST1017,2025-10-23,1865,93.25,1958.25,Unpaid,0.0,,No
INV33705,CUST1018,2026-01-08,2936,146.8,3082.8,Paid,2936.0,2026-01-08,No
INV69796,CUST1018,2025-12-09,2936,146.8,3082.8,Paid,2936.0,2025-12-09,Yes
INV69664,CUST1019,2025-12-06,3249,162.45000000000002,3411.4500000000003,Paid,3249.0,2025-12-06,No
INV79122,CUST1019,2026-01-28,3249,162.45000000000002,3411.4500000000003,Paid,3249.0,2026-01-28,No
INV16643,CUST1019,2025-11-13,3249,162.45000000000002,3411.4500000000003,Paid,3249.0,2025-11-13,No
INV24226,CUST1019,2026-01-08,3249,162.45000000000002,3411.4500000000003,Paid,3249.0,2026-01-08,No
INV15997,CUST1020,2025-09-07,3143,157.15,3300.15,Paid,3143.0,2025-09-07,No
INV76077,CUST1020,2025-09-02,3143,157.15,3300.15,Paid,3143.0,2025-09-02,No
INV20258,CUST1020,2025-10-07,3143,157.15,3300.15,Paid,3143.0,2025-10-07,No
INV86256,CUST1020,2025-10-30,3143,157.15,3300.15,Paid,3143.0,2025-10-30,No
INV37386,CUST1021,2025-10-11,2663,133.15,2796.15,Paid,2663.0,2025-10-11,No
INV85564,CUST1021,2025-12-06,2663,133.15,2796.15,Partial,1331.5,2025-12-06,No
INV93930,CUST1021,2026-01-28,2663,133.15,2796.15,Paid,2663.0,2026-01-28,No
INV67418,CUST1021,2025-12-16,2663,133.15,2796.15,Paid,2663.0,2025-12-16,No
INV18329,CUST1022,2025-09-10,2118,105.9,2223.9,Paid,2118.0,2025-09-10,No
INV16397,CUST1022,2025-10-17,2118,105.9,2223.9,Unpaid,0.0,,No
INV71330,CUST1023,2025-10-15,4397,219.85000000000002,4616.85,Paid,4397.0,2025-10-15,No
INV32436,CUST1024,2025-11-24,4562,228.10000000000002,4790.1,Paid,4562.0,2025-11-24,No
INV36201,CUST1024,2025-09-05,4562,228.10000000000002,4790.1,Paid,4562.0,2025-09-05,No
INV78920,CUST1025,2025-08-22,2990,149.5,3139.5,Paid,2990.0,2025-08-22,Yes
INV17531,CUST1025,2025-12-22,2990,149.5,3139.5,Unpaid,0.0,,No
INV33252,CUST1026,2025-09-02,1792,89.60000000000001,1881.6000000000001,Paid,1792.0,2025-09-02,No
INV19557,CUST1026,2025-10-16,1792,89.60000000000001,1881.6000000000001,Unpaid,0.0,,No
INV83997,CUST1026,2025-08-22,1792,89.60000000000001,1881.6000000000001,Paid,1792.0,2025-08-22,No
INV19833,CUST1026,2025-11-13,1792,89.60000000000001,1881.6000000000001,Paid,1792.0,2025-11-13,No
INV69063,CUST1027,2025-11-20,3512,175.60000000000002,3687.6000000000004,Paid,3512.0,2025-11-20,Yes
INV25892,CUST1027,2025-11-11,3512,175.60000000000002,3687.6000000000004,Partial,1756.0,2025-11-11,No
INV24289,CUST1027,2025-08-24,3512,175.60000000000002,3687.6000000000004,Paid,3512.0,2025-08-24,No
INV75428,CUST1027,2025-09-06,3512,175.60000000000002,3687.6000000000004,Unpaid,0.0,,No
INV80968,CUST1028,2025-10-04,2992,149.6,3141.6,Paid,2992.0,2025-10-04,No
INV44521,CUST1028,2026-01-11,2992,149.6,3141.6,Paid,2992.0,2026-01-11,No
INV97896,CUST1028,2025-12-14,2992,149.6,3141.6,Paid,2992.0,2025-12-14,No
INV16304,CUST1028,2025-09-14,2992,149.6,3141.6,Paid,2992.0,2025-09-14,No
INV43365,CUST1029,2025-09-27,2048,102.4,2150.4,Paid,2048.0,2025-09-27,No
INV17521,CUST1029,2025-11-12,2048,102.4,2150.4,Partial,1024.0,2025-11-12,No
INV54629,CUST1029,2025-12-20,2048,102.4,2150.4,Unpaid,0.0,,No
INV88021,CUST1029,2025-10-26,2048,102.4,2150.4,Unpaid,0.0,,No
INV24357,CUST1030,2025-11-08,3854,192.70000000000002,4046.7000000000003,Unpaid,0.0,,No
INV86943,CUST1030,2025-11-27,3854,192.70000000000002,4046.7000000000003,Unpaid,0.0,,No
INV84071,CUST1031,2025-08-18,4833,241.65,5074.650000000001,Paid,4833.0,2025-08-18,No
INV58777,CUST1031,2025-12-25,4833,241.65,5074.650000000001,Paid,4833.0,2025-12-25,No
INV73878,CUST1031,2025-11-30,4833,241.65,5074.650000000001,Paid,4833.0,2025-11-30,No
INV40573,CUST1031,2025-08-31,4833,241.65,5074.650000000001,Paid,4833.0,2025-08-31,No
INV28133,CUST1031,2025-09-11,4833,241.65,5074.650000000001,Paid,4833.0,2025-09-11,No
INV28489,CUST1032,2025-09-29,2797,139.85,2936.85,Paid,2797.0,2025-09-29,No
INV91816,CUST1032,2025-10-11,2797,139.85,2936.85,Unpaid,0.0,,No
INV33648,CUST1032,2025-09-23,2797,139.85,2936.85,Partial,1398.5,2025-09-23,No
INV36390,CUST1033,2026-01-26,4487,224.35000000000002,4711.35,Paid,4487.0,2026-01-26,No
INV16852,CUST1033,2025-08-07,4487,224.35000000000002,4711.35,Unpaid,0.0,,No
INV61707,CUST1033,2026-01-20,4487,224.35000000000002,4711.35,Paid,4487.0,2026-01-20,No
INV31384,CUST1034,2025-11-08,2951,147.55,3098.55,Paid,2951.0,2025-11-08,No
INV89057,CUST1034,2025-08-09,2951,147.55,3098.55,Partial,1475.5,2025-08-09,No
INV47711,CUST1034,2026-01-20,2951,147.55,3098.55,Unpaid,0.0,,No
INV11898,CUST1034,2026-01-29,2951,147.55,3098.55,Partial,1475.5,2026-01-29,No
INV75031,CUST1035,2025-09-25,4818,240.9,5058.900000000001,Unpaid,0.0,,No
INV77843,CUST1036,2025-08-09,3910,195.5,4105.5,Unpaid,0.0,,No
INV12591,CUST1036,2025-10-14,3910,195.5,4105.5,Unpaid,0.0,,No
INV64400,CUST1036,2025-09-15,3910,195.5,4105.5,Paid,3910.0,2025-09-15,No
INV66481,CUST1036,2025-10-05,3910,195.5,4105.5,Unpaid,0.0,,No
INV26154,CUST1037,2025-12-04,2770,138.5,2908.5,Unpaid,0.0,,No
INV34217,CUST1037,2025-09-23,2770,138.5,2908.5,Paid,2770.0,2025-09-23,No
INV10645,CUST1038,2026-01-23,997,49.85,1046.8500000000001,Paid,997.0,2026-01-23,No
INV97489,CUST1038,2025-08-13,997,49.85,1046.8500000000001,Partial,498.5,2025-08-13,No
INV91623,CUST1038,2025-10-16,997,49.85,1046.8500000000001,Paid,997.0,2025-10-16,No
INV69165,CUST1038,2025-09-23,997,49.85,1046.8500000000001,Partial,498.5,2025-09-23,No
INV35556,CUST1038,2026-01-11,997,49.85,1046.8500000000001,Unpaid,0.0,,No
INV39009,CUST1039,2025-12-22,3426,171.3,3597.3,Paid,3426.0,2025-12-22,No
INV91557,CUST1039,2026-01-09,3426,171.3,3597.3,Paid,3426.0,2026-01-09,No
INV42602,CUST1040,2025-09-15,2002,100.10000000000001,2102.1,Paid,2002.0,2025-09-15,No
INV11089,CUST1040,2025-09-29,2002,100.10000000000001,2102.1,Paid,2002.0,2025-09-29,No
INV86229,CUST1040,2025-08-29,2002,100.10000000000001,2102.1,Paid,2002.0,2025-08-29,No
INV46598,CUST1040,2025-09-30,2002,100.10000000000001,2102.1,Partial,1001.0,2025-09-30,No
INV73278,CUST1041,2026-01-28,2835,141.75,2976.75,Partial,1417.5,2026-01-28,No
INV60100,CUST1041,2026-01-11,2835,141.75,2976.75,Unpaid,0.0,,No
INV33952,CUST1041,2025-09-12,2835,141.75,2976.75,Partial,1417.5,2025-09-12,No
INV60290,CUST1042,2025-11-16,1277,63.85,1340.8500000000001,Partial,638.5,2025-11-16,No
INV93297,CUST1042,2025-09-03,1277,63.85,1340.8500000000001,Unpaid,0.0,,No
INV96516,CUST1042,2025-12-25,1277,63.85,1340.8500000000001,Paid,1277.0,2025-12-25,No
INV22109,CUST1043,2025-09-07,2054,102.7,2156.7000000000003,Partial,1027.0,2025-09-07,No
INV33383,CUST1043,2025-10-11,2054,102.7,2156.7000000000003,Unpaid,0.0,,Yes
INV28351,CUST1043,2025-10-22,2054,102.7,2156.7000000000003,Paid,2054.0,2025-10-22,No
INV34264,CUST1044,2025-09-23,1722,86.10000000000001,1808.1000000000001,Paid,1722.0,2025-09-23,No
INV82766,CUST1044,2025-08-12,1722,86.10000000000001,1808.1000000000001,Partial,861.0,2025-08-12,No
INV88610,CUST1044,2025-09-30,1722,86.10000000000001,1808.1000000000001,Paid,1722.0,2025-09-30,No
INV53472,CUST1045,2025-12-02,1219,60.95,1279.95,Unpaid,0.0,,No
INV74307,CUST1045,2025-11-29,1219,60.95,1279.95,Paid,1219.0,2025-11-29,No
INV81363,CUST1045,2025-12-10,1219,60.95,1279.95,Paid,1219.0,2025-12-10,No
INV99709,CUST1045,2026-01-24,1219,60.95,1279.95,Partial,609.5,2026-01-24,No
INV96710,CUST1045,2025-10-04,1219,60.95,1279.95,Unpaid,0.0,,No
INV64306,CUST1046,2025-08-09,3004,150.20000000000002,3154.2000000000003,Unpaid,0.0,,No
INV68643,CUST1047,2025-09-05,3397,169.85000000000002,3566.8500000000004,Unpaid,0.0,,No
INV77580,CUST1047,2025-08-13,3397,169.85000000000002,3566.8500000000004,Unpaid,0.0,,No
INV96497,CUST1048,2025-11-25,1920,96.0,2016.0,Partial,960.0,2025-11-25,No
INV42174,CUST1049,2026-01-24,3868,193.4,4061.4,Paid,3868.0,2026-01-24,No
INV36649,CUST1050,2025-08-11,1750,87.5,1837.5,Paid,1750.0,2025-08-11,No
INV99906,CUST1050,2025-09-04,1750,87.5,1837.5,Paid,1750.0,2025-09-04,No
INV28230,CUST1050,2025-08-28,1750,87.5,1837.5,Paid,1750.0,2025-08-28,No
INV40795,CUST1050,2026-01-04,1750,87.5,1837.5,Paid,1750.0,2026-01-04,No
INV72824,CUST1051,2025-08-23,3136,156.8,3292.8,Paid,3136.0,2025-08-23,No
INV12261,CUST1051,2025-11-06,3136,156.8,3292.8,Paid,3136.0,2025-11-06,No
INV38933,CUST1051,2025-09-09,3136,156.8,3292.8,Unpaid,0.0,,Yes
INV39033,CUST1051,2025-09-18,3136,156.8,3292.8,Paid,3136.0,2025-09-18,No
INV83869,CUST1052,2025-10-15,3043,152.15,3195.15,Paid,3043.0,2025-10-15,No
INV16796,CUST1052,2025-11-09,3043,152.15,3195.15,Paid,3043.0,2025-11-09,No
INV68557,CUST1052,2025-12-14,3043,152.15,3195.15,Unpaid,0.0,,No
INV26724,CUST1052,2025-09-06,3043,152.15,3195.15,Unpaid,0.0,,No
INV75333,CUST1052,2025-12-01,3043,152.15,3195.15,Paid,3043.0,2025-12-01,No
INV14648,CUST1053,2025-11-05,3445,172.25,3617.25,Unpaid,0.0,,No
INV59334,CUST1054,2025-12-12,2657,132.85,2789.85,Partial,1328.5,2025-12-12,No
INV91554,CUST1054,2025-09-13,2657,132.85,2789.85,Paid,2657.0,2025-09-13,No
INV71440,CUST1054,2025-09-27,2657,132.85,2789.85,Paid,2657.0,2025-09-27,No
INV88279,CUST1054,2026-01-13,2657,132.85,2789.85,Paid,2657.0,2026-01-13,No
INV78847,CUST1054,2025-10-15,2657,132.85,2789.85,Paid,2657.0,2025-10-15,No
INV91348,CUST1055,2025-10-21,2665,133.25,2798.25,Partial,1332.5,2025-10-21,Yes
INV62893,CUST1055,2025-11-02,2665,133.25,2798.25,Unpaid,0.0,,No
INV56737,CUST1056,2025-08-10,3712,185.60000000000002,3897.6000000000004,Partial,1856.0,2025-08-10,No
INV44542,CUST1057,2025-09-27,3653,182.65,3835.65,Paid,3653.0,2025-09-27,No
INV54409,CUST1058,2025-10-11,4028,201.4,4229.400000000001,Unpaid,0.0,,No
INV46636,CUST1058,2025-12-22,4028,201.4,4229.400000000001,Partial,2014.0,2025-12-22,No
INV84637,CUST1058,2025-12-12,4028,201.4,4229.400000000001,Paid,4028.0,2025-12-12,No
INV56619,CUST1058,2025-10-06,4028,201.4,4229.400000000001,Unpaid,0.0,,No
INV40373,CUST1059,2025-10-07,4519,225.95000000000002,4744.95,Partial,2259.5,2025-10-07,No
INV88928,CUST1059,2025-10-30,4519,225.95000000000002,4744.95,Unpaid,0.0,,No
INV44624,CUST1059,2026-01-20,4519,225.95000000000002,4744.95,Paid,4519.0,2026-01-20,No
INV87872,CUST1060,2025-10-23,4028,201.4,4229.400000000001,Unpaid,0.0,,No
INV48392,CUST1060,2025-09-01,4028,201.4,4229.400000000001,Paid,4028.0,2025-09-01,No
INV46268,CUST1061,2025-10-17,3171,158.55,3329.55,Paid,3171.0,2025-10-17,No
INV52849,CUST1061,2025-10-02,3171,158.55,3329.55,Paid,3171.0,2025-10-02,No
INV64312,CUST1061,2025-08-29,3171,158.55,3329.55,Paid,3171.0,2025-08-29,No
INV57775,CUST1061,2025-10-20,3171,158.55,3329.55,Partial,1585.5,2025-10-20,No
INV95920,CUST1061,2025-12-06,3171,158.55,3329.55,Unpaid,0.0,,No
INV78803,CUST1062,2025-08-29,3691,184.55,3875.55,Paid,3691.0,2025-08-29,Yes
INV54179,CUST1062,2025-11-28,3691,184.55,3875.55,Paid,3691.0,2025-11-28,No
INV54014,CUST1063,2025-09-08,4556,227.8,4783.8,Paid,4556.0,2025-09-08,No
INV21120,CUST1063,2025-09-28,4556,227.8,4783.8,Paid,4556.0,2025-09-28,No
INV27438,CUST1064,2025-09-18,894,44.7,938.7,Paid,894.0,2025-09-18,No
INV17069,CUST1064,2025-10-15,894,44.7,938.7,Partial,447.0,2025-10-15,Yes
INV99859,CUST1064,2025-11-26,894,44.7,938.7,Partial,447.0,2025-11-26,No
INV82127,CUST1064,2025-08-11,894,44.7,938.7,Unpaid,0.0,,No
INV89674,CUST1064,2025-12-12,894,44.7,938.7,Unpaid,0.0,,No
INV12169,CUST1065,2026-01-02,3474,173.70000000000002,3647.7000000000003,Unpaid,0.0,,No
INV41778,CUST1065,2025-08-15,3474,173.70000000000002,3647.7000000000003,Paid,3474.0,2025-08-15,No
INV28800,CUST1065,2026-01-14,3474,173.70000000000002,3647.7000000000003,Paid,3474.0,2026-01-14,No
INV81155,CUST1065,2025-12-04,3474,173.70000000000002,3647.7000000000003,Partial,1737.0,2025-12-04,Yes
INV13236,CUST1065,2026-01-10,3474,173.70000000000002,3647.7000000000003,Paid,3474.0,2026-01-10,No
INV96836,CUST1066,2025-08-23,2755,137.75,2892.75,Unpaid,0.0,,No
INV19569,CUST1066,2025-08-06,2755,137.75,2892.75,Paid,2755.0,2025-08-06,No
INV10340,CUST1066,2025-12-12,2755,137.75,2892.75,Unpaid,0.0,,No
INV10358,CUST1066,2026-01-11,2755,137.75,2892.75,Partial,1377.5,2026-01-11,No
INV35879,CUST1066,2025-09-25,2755,137.75,2892.75,Paid,2755.0,2025-09-25,No
INV23283,CUST1067,2025-10-13,1593,79.65,1672.65,Paid,1593.0,2025-10-13,No
INV67169,CUST1067,2026-01-15,1593,79.65,1672.65,Paid,1593.0,2026-01-15,No
INV87988,CUST1067,2025-09-02,1593,79.65,1672.65,Paid,1593.0,2025-09-02,No
INV45428,CUST1067,2026-01-24,1593,79.65,1672.65,Unpaid,0.0,,No
INV11140,CUST1067,2025-09-07,1593,79.65,1672.65,Unpaid,0.0,,No
INV38308,CUST1068,2025-12-16,2634,131.70000000000002,2765.7000000000003,Partial,1317.0,2025-12-16,No
INV56099,CUST1068,2026-01-27,2634,131.70000000000002,2765.7000000000003,Paid,2634.0,2026-01-27,No
INV76418,CUST1068,2026-01-20,2634,131.70000000000002,2765.7000000000003,Partial,1317.0,2026-01-20,No
INV66115,CUST1068,2025-12-15,2634,131.70000000000002,2765.7000000000003,Unpaid,0.0,,No
INV89063,CUST1068,2025-10-22,2634,131.70000000000002,2765.7000000000003,Paid,2634.0,2025-10-22,No
INV79338,CUST1069,2025-08-06,2916,145.8,3061.8,Partial,1458.0,2025-08-06,No
INV38398,CUST1069,2025-08-06,2916,145.8,3061.8,Paid,2916.0,2025-08-06,No
INV58456,CUST1069,2025-10-15,2916,145.8,3061.8,Paid,2916.0,2025-10-15,No
INV25072,CUST1070,2025-11-12,4906,245.3,5151.3,Paid,4906.0,2025-11-12,No
INV31826,CUST1070,2025-09-07,4906,245.3,5151.3,Paid,4906.0,2025-09-07,No
INV60876,CUST1070,2026-01-19,4906,245.3,5151.3,Partial,2453.0,2026-01-19,No
INV46188,CUST1070,2025-10-10,4906,245.3,5151.3,Paid,4906.0,2025-10-10,Yes
INV32313,CUST1070,2025-11-26,4906,245.3,5151.3,Paid,4906.0,2025-11-26,No
INV59847,CUST1071,2025-08-16,4125,206.25,4331.25,Paid,4125.0,2025-08-16,No
INV20503,CUST1071,2025-12-16,4125,206.25,4331.25,Partial,2062.5,2025-12-16,No
INV22866,CUST1071,2025-11-22,4125,206.25,4331.25,Unpaid,0.0,,No
INV96156,CUST1071,2026-01-07,4125,206.25,4331.25,Paid,4125.0,2026-01-07,No
INV51160,CUST1071,2025-09-21,4125,206.25,4331.25,Paid,4125.0,2025-09-21,No
INV62327,CUST1072,2025-12-28,3719,185.95000000000002,3904.9500000000003,Paid,3719.0,2025-12-28,No
INV58511,CUST1072,2025-12-29,3719,185.95000000000002,3904.9500000000003,Unpaid,0.0,,No
INV34322,CUST1072,2025-10-22,3719,185.95000000000002,3904.9500000000003,Paid,3719.0,2025-10-22,No
INV77628,CUST1072,2025-08-12,3719,185.95000000000002,3904.9500000000003,Paid,3719.0,2025-08-12,No
INV90807,CUST1073,2025-10-22,3397,169.85000000000002,3566.8500000000004,Paid,3397.0,2025-10-22,No
INV91253,CUST1073,2025-08-23,3397,169.85000000000002,3566.8500000000004,Paid,3397.0,2025-08-23,No
INV78487,CUST1073,2026-01-19,3397,169.85000000000002,3566.8500000000004,Paid,3397.0,2026-01-19,No
INV38454,CUST1074,2025-10-06,4005,200.25,4205.25,Paid,4005.0,2025-10-06,No
INV44324,CUST1074,2025-08-27,4005,200.25,4205.25,Partial,2002.5,2025-08-27,No
INV40750,CUST1074,2026-01-13,4005,200.25,4205.25,Paid,4005.0,2026-01-13,No
INV11589,CUST1075,2026-01-22,1614,80.7,1694.7,Paid,1614.0,2026-01-22,No
INV41921,CUST1075,2025-08-25,1614,80.7,1694.7,Paid,1614.0,2025-08-25,No
INV56101,CUST1076,2025-12-10,1145,57.25,1202.25,Paid,1145.0,2025-12-10,No
INV81126,CUST1076,2026-01-28,1145,57.25,1202.25,Unpaid,0.0,,No
INV22237,CUST1076,2026-01-20,1145,57.25,1202.25,Paid,1145.0,2026-01-20,No
INV17016,CUST1076,2025-10-26,1145,57.25,1202.25,Paid,1145.0,2025-10-26,No
INV78703,CUST1077,2025-10-31,3149,157.45000000000002,3306.4500000000003,Unpaid,0.0,,No
INV89623,CUST1078,2025-11-06,1162,58.1,1220.1000000000001,Paid,1162.0,2025-11-06,Yes
INV80812,CUST1079,2025-08-13,3243,162.15,3405.15,Paid,3243.0,2025-08-13,No
INV42402,CUST1079,2025-10-03,3243,162.15,3405.15,Paid,3243.0,2025-10-03,No
INV26209,CUST1079,2025-08-23,3243,162.15,3405.15,Paid,3243.0,2025-08-23,No
INV58695,CUST1079,2025-09-13,3243,162.15,3405.15,Paid,3243.0,2025-09-13,No
INV49129,CUST1079,2025-08-20,3243,162.15,3405.15,Unpaid,0.0,,No
INV81854,CUST1080,2025-10-04,3065,153.25,3218.25,Paid,3065.0,2025-10-04,No
INV39796,CUST1080,2025-09-05,3065,153.25,3218.25,Partial,1532.5,2025-09-05,No
INV64040,CUST1080,2025-10-16,3065,153.25,3218.25,Unpaid,0.0,,No
INV15842,CUST1080,2026-01-11,3065,153.25,3218.25,Paid,3065.0,2026-01-11,No
INV64575,CUST1081,2025-09-09,2988,149.4,3137.4,Paid,2988.0,2025-09-09,No
INV77055,CUST1081,2025-12-22,2988,149.4,3137.4,Paid,2988.0,2025-12-22,No
INV95992,CUST1082,2025-10-19,3805,190.25,3995.25,Unpaid,0.0,,No
INV90769,CUST1082,2025-09-13,3805,190.25,3995.25,Paid,3805.0,2025-09-13,No
INV44773,CUST1082,2025-11-20,3805,190.25,3995.25,Partial,1902.5,2025-11-20,No
INV67505,CUST1083,2025-11-06,4081,204.05,4285.05,Paid,4081.0,2025-11-06,No
INV57377,CUST1083,2026-01-24,4081,204.05,4285.05,Paid,4081.0,2026-01-24,No
INV95140,CUST1083,2025-11-23,4081,204.05,4285.05,Paid,4081.0,2025-11-23,No
INV84083,CUST1083,2025-12-09,4081,204.05,4285.05,Unpaid,0.0,,No
INV14213,CUST1083,2026-01-19,4081,204.05,4285.05,Unpaid,0.0,,No
INV71997,CUST1084,2025-12-19,1784,89.2,1873.2,Unpaid,0.0,,No
INV52965,CUST1084,2025-10-22,1784,89.2,1873.2,Paid,1784.0,2025-10-22,No
INV34472,CUST1084,2025-09-12,1784,89.2,1873.2,Paid,1784.0,2025-09-12,No
INV46021,CUST1084,2025-10-22,1784,89.2,1873.2,Paid,1784.0,2025-10-22,No
INV11401,CUST1084,2026-01-03,1784,89.2,1873.2,Paid,1784.0,2026-01-03,No
INV53791,CUST1085,2025-11-09,2439,121.95,2560.9500000000003,Paid,2439.0,2025-11-09,No
INV81354,CUST1086,2026-01-05,1627,81.35000000000001,1708.3500000000001,Paid,1627.0,2026-01-05,No
INV30447,CUST1086,2025-08-23,1627,81.35000000000001,1708.3500000000001,Unpaid,0.0,,No
INV79561,CUST1086,2025-09-01,1627,81.35000000000001,1708.3500000000001,Paid,1627.0,2025-09-01,No
INV56607,CUST1086,2025-12-06,1627,81.35000000000001,1708.3500000000001,Paid,1627.0,2025-12-06,No
INV63554,CUST1087,2025-09-19,3530,176.5,3706.5,Partial,1765.0,2025-09-19,Yes
INV37606,CUST1087,2025-11-18,3530,176.5,3706.5,Paid,3530.0,2025-11-18,No
INV55671,CUST1087,2025-12-18,3530,176.5,3706.5,Paid,3530.0,2025-12-18,No
INV41131,CUST1087,2025-08-28,3530,176.5,3706.5,Paid,3530.0,2025-08-28,No
INV68585,CUST1087,2025-09-30,3530,176.5,3706.5,Paid,3530.0,2025-09-30,No
INV84707,CUST1088,2025-10-05,4331,216.55,4547.55,Paid,4331.0,2025-10-05,No
INV48458,CUST1089,2026-01-10,3735,186.75,3921.75,Paid,3735.0,2026-01-10,No
INV56473,CUST1089,2025-10-18,3735,186.75,3921.75,Partial,1867.5,2025-10-18,No
INV65751,CUST1089,2025-11-10,3735,186.75,3921.75,Unpaid,0.0,,No
INV84218,CUST1089,2025-10-29,3735,186.75,3921.75,Paid,3735.0,2025-10-29,No
INV85451,CUST1090,2025-10-22,4676,233.8,4909.8,Paid,4676.0,2025-10-22,No
INV46081,CUST1090,2025-08-26,4676,233.8,4909.8,Paid,4676.0,2025-08-26,No
INV15939,CUST1090,2025-10-10,4676,233.8,4909.8,Unpaid,0.0,,No
INV37045,CUST1090,2025-12-09,4676,233.8,4909.8,Paid,4676.0,2025-12-09,No
INV37076,CUST1091,2025-10-02,926,46.300000000000004,972.3000000000001,Paid,926.0,2025-10-02,No
INV49121,CUST1091,2025-12-01,926,46.300000000000004,972.3000000000001,Paid,926.0,2025-12-01,No
INV77293,CUST1091,2025-12-17,926,46.300000000000004,972.3000000000001,Paid,926.0,2025-12-17,No
INV87227,CUST1091,2026-01-26,926,46.300000000000004,972.3000000000001,Paid,926.0,2026-01-26,No
INV82010,CUST1091,2025-10-16,926,46.300000000000004,972.3000000000001,Paid,926.0,2025-10-16,No
INV38328,CUST1092,2025-10-29,3977,198.85000000000002,4175.85,Paid,3977.0,2025-10-29,No
INV83402,CUST1092,2025-10-25,3977,198.85000000000002,4175.85,Paid,3977.0,2025-10-25,No
INV73064,CUST1092,2025-11-17,3977,198.85000000000002,4175.85,Paid,3977.0,2025-11-17,No
INV76155,CUST1093,2025-08-31,3856,192.8,4048.8,Unpaid,0.0,,No
INV44064,CUST1093,2025-12-04,3856,192.8,4048.8,Paid,3856.0,2025-12-04,No
INV80902,CUST1094,2025-11-13,1403,70.15,1473.15,Partial,701.5,2025-11-13,No
INV46191,CUST1094,2025-10-18,1403,70.15,1473.15,Paid,1403.0,2025-10-18,No
INV31542,CUST1094,2025-10-30,1403,70.15,1473.15,Paid,1403.0,2025-10-30,No
INV97893,CUST1094,2025-11-09,1403,70.15,1473.15,Paid,1403.0,2025-11-09,No
INV32601,CUST1094,2025-12-19,1403,70.15,1473.15,Unpaid,0.0,,No
INV34532,CUST1095,2025-08-29,4249,212.45000000000002,4461.45,Paid,4249.0,2025-08-29,No
INV53463,CUST1095,2025-10-20,4249,212.45000000000002,4461.45,Paid,4249.0,2025-10-20,No
INV95867,CUST1095,2026-01-10,4249,212.45000000000002,4461.45,Paid,4249.0,2026-01-10,No
INV50695,CUST1095,2026-01-22,4249,212.45000000000002,4461.45,Partial,2124.5,2026-01-22,No
INV63574,CUST1096,2025-09-25,4946,247.3,5193.3,Unpaid,0.0,,No
INV13696,CUST1096,2025-09-06,4946,247.3,5193.3,Paid,4946.0,2025-09-06,No
INV14956,CUST1097,2026-01-15,4333,216.65,4549.650000000001,Paid,4333.0,2026-01-15,No
INV62160,CUST1097,2025-11-02,4333,216.65,4549.650000000001,Paid,4333.0,2025-11-02,No
INV39961,CUST1098,2025-08-31,4167,208.35000000000002,4375.35,Partial,2083.5,2025-08-31,No
INV44681,CUST1098,2025-12-22,4167,208.35000000000002,4375.35,Unpaid,0.0,,No
INV88532,CUST1099,2025-08-16,4168,208.4,4376.400000000001,Partial,2084.0,2025-08-16,No
INV32626,CUST1099,2025-12-07,4168,208.4,4376.400000000001,Paid,4168.0,2025-12-07,No
INV90070,CUST1100,2025-09-07,4597,229.85000000000002,4826.85,Unpaid,0.0,,No
INV17812,CUST1100,2025-11-22,4597,229.85000000000002,4826.85,Paid,4597.0,2025-11-22,No
INV18275,CUST1100,2025-09-22,4597,229.85000000000002,4826.85,Paid,4597.0,2025-09-22,No
INV49464,CUST1101,2025-10-15,2592,129.6,2721.6,Paid,2592.0,2025-10-15,No
INV70315,CUST1101,2025-10-12,2592,129.6,2721.6,Partial,1296.0,2025-10-12,No
INV55026,CUST1101,2025-11-25,2592,129.6,2721.6,Paid,2592.0,2025-11-25,No
INV55095,CUST1101,2025-10-13,2592,129.6,2721.6,Paid,2592.0,2025-10-13,Yes
INV94995,CUST1102,2026-01-08,3661,183.05,3844.05,Paid,3661.0,2026-01-08,No
INV17415,CUST1102,2025-08-08,3661,183.05,3844.05,Paid,3661.0,2025-08-08,No
INV47044,CUST1102,2025-10-15,3661,183.05,3844.05,Unpaid,0.0,,No
INV90437,CUST1102,2025-12-06,3661,183.05,3844.05,Paid,3661.0,2025-12-06,No
INV95076,CUST1103,2025-09-16,4276,213.8,4489.8,Paid,4276.0,2025-09-16,No
INV32318,CUST1104,2025-09-26,4217,210.85000000000002,4427.85,Unpaid,0.0,,No
INV55475,CUST1104,2025-11-17,4217,210.85000000000002,4427.85,Paid,4217.0,2025-11-17,No
INV67649,CUST1104,2025-09-13,4217,210.85000000000002,4427.85,Paid,4217.0,2025-09-13,No
INV75458,CUST1105,2026-01-07,2445,122.25,2567.25,Paid,2445.0,2026-01-07,No
INV17214,CUST1105,2025-09-28,2445,122.25,2567.25,Paid,2445.0,2025-09-28,No
INV15141,CUST1105,2025-12-24,2445,122.25,2567.25,Paid,2445.0,2025-12-24,No
INV67615,CUST1105,2025-09-05,2445,122.25,2567.25,Unpaid,0.0,,No
INV57135,CUST1105,2026-01-01,2445,122.25,2567.25,Paid,2445.0,2026-01-01,No
INV37128,CUST1106,2025-09-15,2005,100.25,2105.25,Paid,2005.0,2025-09-15,No
INV21156,CUST1107,2025-10-13,3830,191.5,4021.5,Paid,3830.0,2025-10-13,No
INV12610,CUST1107,2025-11-28,3830,191.5,4021.5,Paid,3830.0,2025-11-28,No
INV30583,CUST1107,2025-09-27,3830,191.5,4021.5,Paid,3830.0,2025-09-27,No
INV29456,CUST1107,2025-08-18,3830,191.5,4021.5,Paid,3830.0,2025-08-18,No
INV29873,CUST1108,2025-08-18,3672,183.60000000000002,3855.6000000000004,Partial,1836.0,2025-08-18,No
INV47125,CUST1108,2025-11-20,3672,183.60000000000002,3855.6000000000004,Paid,3672.0,2025-11-20,No
INV51520,CUST1109,2026-01-29,3872,193.60000000000002,4065.6000000000004,Unpaid,0.0,,No
INV63312,CUST1109,2025-08-10,3872,193.60000000000002,4065.6000000000004,Paid,3872.0,2025-08-10,No
INV43919,CUST1109,2026-01-17,3872,193.60000000000002,4065.6000000000004,Paid,3872.0,2026-01-17,No
INV44675,CUST1109,2025-10-11,3872,193.60000000000002,4065.6000000000004,Unpaid,0.0,,No
INV60445,CUST1109,2025-11-15,3872,193.60000000000002,4065.6000000000004,Paid,3872.0,2025-11-15,No
INV80533,CUST1110,2025-12-04,2654,132.70000000000002,2786.7000000000003,Paid,2654.0,2025-12-04,No
INV28624,CUST1110,2025-08-08,2654,132.70000000000002,2786.7000000000003,Paid,2654.0,2025-08-08,No
INV77391,CUST1110,2025-11-13,2654,132.70000000000002,2786.7000000000003,Partial,1327.0,2025-11-13,No
INV14986,CUST1110,2025-09-07,2654,132.70000000000002,2786.7000000000003,Paid,2654.0,2025-09-07,No
INV37798,CUST1111,2025-09-06,4821,241.05,5062.05,Paid,4821.0,2025-09-06,No
INV53526,CUST1112,2025-12-06,3508,175.4,3683.4,Paid,3508.0,2025-12-06,No
INV34335,CUST1112,2025-10-05,3508,175.4,3683.4,Paid,3508.0,2025-10-05,No
INV47327,CUST1112,2025-08-06,3508,175.4,3683.4,Unpaid,0.0,,No
INV69722,CUST1113,2025-10-11,4302,215.10000000000002,4517.1,Unpaid,0.0,,No
INV20808,CUST1114,2025-09-09,2132,106.60000000000001,2238.6,Partial,1066.0,2025-09-09,No
INV41802,CUST1114,2025-11-24,2132,106.60000000000001,2238.6,Unpaid,0.0,,No
INV91938,CUST1114,2025-12-13,2132,106.60000000000001,2238.6,Paid,2132.0,2025-12-13,No
INV94526,CUST1114,2025-10-01,2132,106.60000000000001,2238.6,Unpaid,0.0,,No
INV91486,CUST1115,2025-09-13,1001,50.050000000000004,1051.05,Paid,1001.0,2025-09-13,No
INV32931,CUST1116,2025-09-26,4307,215.35000000000002,4522.35,Paid,4307.0,2025-09-26,No
INV35991,CUST1116,2025-11-11,4307,215.35000000000002,4522.35,Partial,2153.5,2025-11-11,No
INV20561,CUST1116,2025-08-28,4307,215.35000000000002,4522.35,Partial,2153.5,2025-08-28,No
INV11988,CUST1117,2025-08-29,1374,68.7,1442.7,Paid,1374.0,2025-08-29,No
INV97728,CUST1117,2025-08-16,1374,68.7,1442.7,Paid,1374.0,2025-08-16,No
INV42088,CUST1117,2025-09-23,1374,68.7,1442.7,Paid,1374.0,2025-09-23,No
INV86361,CUST1117,2026-01-30,1374,68.7,1442.7,Paid,1374.0,2026-01-30,No
INV70710,CUST1117,2025-08-31,1374,68.7,1442.7,Paid,1374.0,2025-08-31,No
INV74619,CUST1118,2025-12-22,1336,66.8,1402.8,Unpaid,0.0,,No
INV29233,CUST1118,2025-10-13,1336,66.8,1402.8,Paid,1336.0,2025-10-13,No
INV13849,CUST1118,2025-09-20,1336,66.8,1402.8,Paid,1336.0,2025-09-20,No
INV55800,CUST1118,2025-10-28,1336,66.8,1402.8,Paid,1336.0,2025-10-28,No
INV84816,CUST1119,2026-01-30,2425,121.25,2546.25,Partial,1212.5,2026-01-30,No
INV58442,CUST1119,2026-01-22,2425,121.25,2546.25,Paid,2425.0,2026-01-22,No
INV11813,CUST1119,2025-12-15,2425,121.25,2546.25,Unpaid,0.0,,No
INV52051,CUST1120,2026-01-04,2922,146.1,3068.1,Paid,2922.0,2026-01-04,No
INV87219,CUST1121,2025-08-21,1185,59.25,1244.25,Partial,592.5,2025-08-21,No
INV83903,CUST1122,2025-08-25,4081,204.05,4285.05,Paid,4081.0,2025-08-25,No
INV94021,CUST1122,2025-11-19,4081,204.05,4285.05,Unpaid,0.0,,No
INV70686,CUST1123,2025-11-08,1274,63.7,1337.7,Partial,637.0,2025-11-08,No
INV78498,CUST1123,2025-10-01,1274,63.7,1337.7,Paid,1274.0,2025-10-01,No
INV85945,CUST1123,2026-01-15,1274,63.7,1337.7,Paid,1274.0,2026-01-15,No
INV53764,CUST1123,2025-08-17,1274,63.7,1337.7,Paid,1274.0,2025-08-17,No
INV70128,CUST1124,2025-12-16,1217,60.85,1277.8500000000001,Unpaid,0.0,,No
INV31281,CUST1124,2025-11-24,1217,60.85,1277.8500000000001,Unpaid,0.0,,No
INV63053,CUST1124,2025-12-02,1217,60.85,1277.8500000000001,Paid,1217.0,2025-12-02,No
INV44397,CUST1124,2025-11-18,1217,60.85,1277.8500000000001,Paid,1217.0,2025-11-18,No
INV79906,CUST1125,2025-11-11,4400,220.0,4620.0,Paid,4400.0,2025-11-11,No
INV86162,CUST1125,2025-11-30,4400,220.0,4620.0,Paid,4400.0,2025-11-30,No
INV43458,CUST1126,2025-10-04,1754,87.7,1841.7,Partial,877.0,2025-10-04,No
INV34170,CUST1127,2025-11-20,2005,100.25,2105.25,Paid,2005.0,2025-11-20,No
INV96664,CUST1128,2026-01-04,4920,246.0,5166.0,Partial,2460.0,2026-01-04,Yes
INV30025,CUST1129,2025-11-08,2790,139.5,2929.5,Paid,2790.0,2025-11-08,No
INV48506,CUST1129,2025-08-17,2790,139.5,2929.5,Paid,2790.0,2025-08-17,No
INV91982,CUST1129,2025-11-01,2790,139.5,2929.5,Paid,2790.0,2025-11-01,No
INV51094,CUST1130,2026-01-28,4372,218.60000000000002,4590.6,Paid,4372.0,2026-01-28,No
INV41707,CUST1130,2025-12-09,4372,218.60000000000002,4590.6,Unpaid,0.0,,No
INV86709,CUST1130,2025-12-08,4372,218.60000000000002,4590.6,Paid,4372.0,2025-12-08,No
INV15103,CUST1131,2025-10-22,4958,247.9,5205.900000000001,Unpaid,0.0,,No
INV41174,CUST1132,2025-11-01,3513,175.65,3688.65,Paid,3513.0,2025-11-01,No
INV22356,CUST1133,2025-11-10,3003,150.15,3153.15,Unpaid,0.0,,Yes
INV31225,CUST1133,2025-09-14,3003,150.15,3153.15,Paid,3003.0,2025-09-14,No
INV36489,CUST1133,2026-01-11,3003,150.15,3153.15,Paid,3003.0,2026-01-11,No
INV12591,CUST1133,2025-09-01,3003,150.15,3153.15,Paid,3003.0,2025-09-01,No
INV76736,CUST1134,2025-12-27,3920,196.0,4116.0,Paid,3920.0,2025-12-27,No
INV33408,CUST1134,2025-12-24,3920,196.0,4116.0,Paid,3920.0,2025-12-24,No
INV69500,CUST1134,2025-09-17,3920,196.0,4116.0,Unpaid,0.0,,No
INV42854,CUST1134,2025-09-04,3920,196.0,4116.0,Paid,3920.0,2025-09-04,No
INV61925,CUST1134,2025-08-27,3920,196.0,4116.0,Paid,3920.0,2025-08-27,No
INV54589,CUST1135,2025-11-06,1766,88.30000000000001,1854.3000000000002,Unpaid,0.0,,No
INV15520,CUST1135,2025-10-12,1766,88.30000000000001,1854.3000000000002,Unpaid,0.0,,No
INV51605,CUST1135,2025-11-08,1766,88.30000000000001,1854.3000000000002,Paid,1766.0,2025-11-08,No
INV74925,CUST1135,2025-10-30,1766,88.30000000000001,1854.3000000000002,Unpaid,0.0,,Yes
INV99037,CUST1135,2025-08-25,1766,88.30000000000001,1854.3000000000002,Partial,883.0,2025-08-25,No
INV56313,CUST1136,2025-10-09,4232,211.60000000000002,4443.6,Paid,4232.0,2025-10-09,No
INV57861,CUST1136,2025-08-18,4232,211.60000000000002,4443.6,Unpaid,0.0,,No
INV64935,CUST1136,2025-10-06,4232,211.60000000000002,4443.6,Paid,4232.0,2025-10-06,No
INV94925,CUST1136,2025-09-17,4232,211.60000000000002,4443.6,Paid,4232.0,2025-09-17,No
INV18640,CUST1137,2025-11-19,1488,74.4,1562.4,Paid,1488.0,2025-11-19,No
INV66053,CUST1137,2025-10-26,1488,74.4,1562.4,Paid,1488.0,2025-10-26,No
INV42972,CUST1137,2025-10-31,1488,74.4,1562.4,Paid,1488.0,2025-10-31,No
INV47158,CUST1138,2025-11-29,4501,225.05,4726.05,Partial,2250.5,2025-11-29,No
INV68692,CUST1138,2026-01-06,4501,225.05,4726.05,Paid,4501.0,2026-01-06,No
INV10192,CUST1138,2026-01-25,4501,225.05,4726.05,Paid,4501.0,2026-01-25,Yes
INV60940,CUST1138,2026-01-15,4501,225.05,4726.05,Partial,2250.5,2026-01-15,No
INV20655,CUST1138,2026-01-03,4501,225.05,4726.05,Paid,4501.0,2026-01-03,No
INV61831,CUST1139,2025-12-09,1141,57.050000000000004,1198.05,Paid,1141.0,2025-12-09,No
INV86274,CUST1140,2025-11-07,2524,126.2,2650.2000000000003,Paid,2524.0,2025-11-07,No
INV10717,CUST1140,2025-10-06,2524,126.2,2650.2000000000003,Paid,2524.0,2025-10-06,No
INV14994,CUST1140,2025-09-07,2524,126.2,2650.2000000000003,Partial,1262.0,2025-09-07,Yes
INV52215,CUST1140,2025-08-11,2524,126.2,2650.2000000000003,Paid,2524.0,2025-08-11,Yes
INV87535,CUST1140,2025-09-26,2524,126.2,2650.2000000000003,Paid,2524.0,2025-09-26,Yes
INV35307,CUST1141,2025-10-20,2592,129.6,2721.6,Partial,1296.0,2025-10-20,No
INV57937,CUST1141,2025-12-14,2592,129.6,2721.6,Unpaid,0.0,,No
INV55276,CUST1141,2025-11-14,2592,129.6,2721.6,Paid,2592.0,2025-11-14,No
INV83933,CUST1141,2025-11-26,2592,129.6,2721.6,Paid,2592.0,2025-11-26,No
INV34123,CUST1142,2025-12-01,2559,127.95,2686.9500000000003,Paid,2559.0,2025-12-01,No
INV18026,CUST1142,2025-10-02,2559,127.95,2686.9500000000003,Paid,2559.0,2025-10-02,No
INV57664,CUST1142,2025-09-24,2559,127.95,2686.9500000000003,Paid,2559.0,2025-09-24,No
INV64319,CUST1143,2025-12-02,4012,200.60000000000002,4212.6,Unpaid,0.0,,No
INV44660,CUST1143,2025-09-18,4012,200.60000000000002,4212.6,Paid,4012.0,2025-09-18,No
INV21577,CUST1143,2025-12-01,4012,200.60000000000002,4212.6,Paid,4012.0,2025-12-01,No
INV99791,CUST1143,2025-10-25,4012,200.60000000000002,4212.6,Paid,4012.0,2025-10-25,No
INV45710,CUST1144,2025-11-22,1789,89.45,1878.45,Paid,1789.0,2025-11-22,No
INV86502,CUST1144,2025-08-28,1789,89.45,1878.45,Unpaid,0.0,,No
INV76025,CUST1144,2026-01-11,1789,89.45,1878.45,Paid,1789.0,2026-01-11,No
INV49178,CUST1145,2025-11-17,3062,153.1,3215.1,Paid,3062.0,2025-11-17,No
INV48712,CUST1145,2026-01-24,3062,153.1,3215.1,Paid,3062.0,2026-01-24,No
INV16859,CUST1146,2025-09-24,3282,164.10000000000002,3446.1000000000004,Paid,3282.0,2025-09-24,No
INV37216,CUST1146,2025-09-15,3282,164.10000000000002,3446.1000000000004,Unpaid,0.0,,No
INV14886,CUST1146,2025-08-07,3282,164.10000000000002,3446.1000000000004,Paid,3282.0,2025-08-07,No
INV86280,CUST1147,2025-09-26,1751,87.55000000000001,1838.5500000000002,Paid,1751.0,2025-09-26,No
INV57788,CUST1148,2025-12-02,1522,76.10000000000001,1598.1000000000001,Paid,1522.0,2025-12-02,No
INV76458,CUST1148,2025-09-05,1522,76.10000000000001,1598.1000000000001,Paid,1522.0,2025-09-05,No
INV53395,CUST1148,2026-01-10,1522,76.10000000000001,1598.1000000000001,Unpaid,0.0,,No
INV26544,CUST1149,2025-10-23,4189,209.45000000000002,4398.45,Paid,4189.0,2025-10-23,No
INV76629,CUST1149,2026-01-31,4189,209.45000000000002,4398.45,Paid,4189.0,2026-01-31,No
INV29259,CUST1149,2025-10-28,4189,209.45000000000002,4398.45,Paid,4189.0,2025-10-28,Yes
INV12103,CUST1149,2025-08-07,4189,209.45000000000002,4398.45,Paid,4189.0,2025-08-07,No
INV91159,CUST1150,2025-10-20,2879,143.95000000000002,3022.9500000000003,Paid,2879.0,2025-10-20,No
INV45503,CUST1150,2025-09-29,2879,143.95000000000002,3022.9500000000003,Unpaid,0.0,,No
INV74286,CUST1150,2025-09-14,2879,143.95000000000002,3022.9500000000003,Paid,2879.0,2025-09-14,No
INV47228,CUST1150,2025-12-02,2879,143.95000000000002,3022.9500000000003,Partial,1439.5,2025-12-02,No
INV94748,CUST1150,2025-10-29,2879,143.95000000000002,3022.9500000000003,Unpaid,0.0,,No
INV89818,CUST1151,2025-09-05,3517,175.85000000000002,3692.8500000000004,Paid,3517.0,2025-09-05,Yes
INV42933,CUST1151,2025-12-15,3517,175.85000000000002,3692.8500000000004,Paid,3517.0,2025-12-15,Yes
INV27375,CUST1151,2025-09-02,3517,175.85000000000002,3692.8500000000004,Paid,3517.0,2025-09-02,No
INV96724,CUST1151,2025-10-25,3517,175.85000000000002,3692.8500000000004,Partial,1758.5,2025-10-25,No
INV85324,CUST1152,2025-11-10,3132,156.60000000000002,3288.6000000000004,Paid,3132.0,2025-11-10,No
INV43340,CUST1152,2026-01-13,3132,156.60000000000002,3288.6000000000004,Paid,3132.0,2026-01-13,No
INV97959,CUST1153,2025-12-15,4176,208.8,4384.8,Paid,4176.0,2025-12-15,No
INV80532,CUST1153,2026-01-04,4176,208.8,4384.8,Paid,4176.0,2026-01-04,No
INV15232,CUST1153,2026-01-20,4176,208.8,4384.8,Paid,4176.0,2026-01-20,No
INV24026,CUST1153,2025-08-19,4176,208.8,4384.8,Paid,4176.0,2025-08-19,No
INV73185,CUST1154,2025-09-08,2300,115.0,2415.0,Paid,2300.0,2025-09-08,No
INV46182,CUST1154,2025-11-18,2300,115.0,2415.0,Unpaid,0.0,,No
INV94425,CUST1154,2025-11-04,2300,115.0,2415.0,Paid,2300.0,2025-11-04,No
INV49104,CUST1154,2025-11-28,2300,115.0,2415.0,Paid,2300.0,2025-11-28,No
INV33470,CUST1154,2025-09-04,2300,115.0,2415.0,Paid,2300.0,2025-09-04,No
INV22192,CUST1155,2025-09-06,1085,54.25,1139.25,Paid,1085.0,2025-09-06,No
INV44087,CUST1155,2025-12-20,1085,54.25,1139.25,Paid,1085.0,2025-12-20,No
INV15213,CUST1156,2025-08-29,4295,214.75,4509.75,Paid,4295.0,2025-08-29,No
INV29173,CUST1156,2025-11-27,4295,214.75,4509.75,Paid,4295.0,2025-11-27,No
INV32439,CUST1156,2026-01-06,4295,214.75,4509.75,Paid,4295.0,2026-01-06,No
INV99049,CUST1157,2026-01-24,2865,143.25,3008.25,Unpaid,0.0,,No
INV49350,CUST1157,2025-09-26,2865,143.25,3008.25,Paid,2865.0,2025-09-26,No
INV92895,CUST1157,2025-12-01,2865,143.25,3008.25,Paid,2865.0,2025-12-01,No
INV98151,CUST1157,2025-08-09,2865,143.25,3008.25,Paid,2865.0,2025-08-09,No
INV52788,CUST1158,2025-08-22,1568,78.4,1646.4,Paid,1568.0,2025-08-22,No
INV19076,CUST1159,2026-01-24,3857,192.85000000000002,4049.8500000000004,Partial,1928.5,2026-01-24,No
INV15750,CUST1160,2025-09-30,2961,148.05,3109.05,Unpaid,0.0,,No
INV42093,CUST1160,2026-01-15,2961,148.05,3109.05,Partial,1480.5,2026-01-15,No
INV93014,CUST1160,2026-01-21,2961,148.05,3109.05,Paid,2961.0,2026-01-21,No
INV79681,CUST1160,2025-12-29,2961,148.05,3109.05,Paid,2961.0,2025-12-29,No
INV29539,CUST1161,2025-08-25,4093,204.65,4297.650000000001,Unpaid,0.0,,No
INV64567,CUST1161,2025-09-28,4093,204.65,4297.650000000001,Unpaid,0.0,,Yes
INV56172,CUST1162,2025-10-14,1746,87.30000000000001,1833.3000000000002,Paid,1746.0,2025-10-14,No
INV25408,CUST1162,2025-12-03,1746,87.30000000000001,1833.3000000000002,Paid,1746.0,2025-12-03,No
INV54825,CUST1162,2026-01-19,1746,87.30000000000001,1833.3000000000002,Unpaid,0.0,,No
INV87694,CUST1163,2025-08-19,4135,206.75,4341.75,Partial,2067.5,2025-08-19,No
INV99462,CUST1163,2026-01-10,4135,206.75,4341.75,Paid,4135.0,2026-01-10,No
INV32765,CUST1164,2026-01-22,4950,247.5,5197.5,Paid,4950.0,2026-01-22,No
INV56525,CUST1164,2025-08-13,4950,247.5,5197.5,Paid,4950.0,2025-08-13,No
INV35566,CUST1164,2025-11-28,4950,247.5,5197.5,Paid,4950.0,2025-11-28,No
INV51185,CUST1164,2025-10-18,4950,247.5,5197.5,Paid,4950.0,2025-10-18,No
INV38018,CUST1164,2025-09-13,4950,247.5,5197.5,Paid,4950.0,2025-09-13,No
INV48862,CUST1165,2025-09-11,2281,114.05000000000001,2395.05,Unpaid,0.0,,No
INV96055,CUST1166,2025-11-12,2701,135.05,2836.05,Paid,2701.0,2025-11-12,No
INV90072,CUST1166,2025-11-11,2701,135.05,2836.05,Paid,2701.0,2025-11-11,No
INV16587,CUST1166,2025-08-13,2701,135.05,2836.05,Paid,2701.0,2025-08-13,No
INV81094,CUST1166,2025-12-15,2701,135.05,2836.05,Paid,2701.0,2025-12-15,No
INV45303,CUST1166,2025-11-04,2701,135.05,2836.05,Paid,2701.0,2025-11-04,No
INV90059,CUST1167,2025-09-20,4251,212.55,4463.55,Paid,4251.0,2025-09-20,No
INV77231,CUST1168,2025-12-24,4864,243.20000000000002,5107.2,Partial,2432.0,2025-12-24,No
INV91972,CUST1168,2025-08-19,4864,243.20000000000002,5107.2,Partial,2432.0,2025-08-19,No
INV16901,CUST1168,2025-08-29,4864,243.20000000000002,5107.2,Paid,4864.0,2025-08-29,No
INV73909,CUST1168,2025-09-04,4864,243.20000000000002,5107.2,Paid,4864.0,2025-09-04,No
INV21874,CUST1169,2026-01-26,854,42.7,896.7,Paid,854.0,2026-01-26,No
INV59500,CUST1170,2025-11-17,2623,131.15,2754.15,Paid,2623.0,2025-11-17,No
INV73400,CUST1170,2025-12-11,2623,131.15,2754.15,Paid,2623.0,2025-12-11,No
INV21669,CUST1170,2025-11-09,2623,131.15,2754.15,Paid,2623.0,2025-11-09,No
INV83648,CUST1171,2025-09-27,4262,213.10000000000002,4475.1,Paid,4262.0,2025-09-27,No
INV55536,CUST1171,2025-11-12,4262,213.10000000000002,4475.1,Unpaid,0.0,,No
INV81386,CUST1171,2026-01-15,4262,213.10000000000002,4475.1,Paid,4262.0,2026-01-15,Yes
INV87273,CUST1171,2025-08-11,4262,213.10000000000002,4475.1,Paid,4262.0,2025-08-11,No
INV81128,CUST1171,2026-01-19,4262,213.10000000000002,4475.1,Paid,4262.0,2026-01-19,No
INV49519,CUST1172,2025-09-09,3879,193.95000000000002,4072.9500000000003,Paid,3879.0,2025-09-09,No
INV40676,CUST1172,2025-10-30,3879,193.95000000000002,4072.9500000000003,Paid,3879.0,2025-10-30,No
INV92062,CUST1173,2025-08-17,1632,81.60000000000001,1713.6000000000001,Paid,1632.0,2025-08-17,No
INV57574,CUST1174,2025-10-16,3606,180.3,3786.3,Paid,3606.0,2025-10-16,No
INV41027,CUST1174,2025-08-27,3606,180.3,3786.3,Paid,3606.0,2025-08-27,No
INV23409,CUST1175,2025-12-19,3290,164.5,3454.5,Unpaid,0.0,,No
INV25549,CUST1176,2025-09-18,1127,56.35,1183.3500000000001,Paid,1127.0,2025-09-18,No
INV26061,CUST1176,2025-10-17,1127,56.35,1183.3500000000001,Paid,1127.0,2025-10-17,No
INV32800,CUST1176,2025-10-21,1127,56.35,1183.3500000000001,Unpaid,0.0,,No
INV85319,CUST1176,2025-11-08,1127,56.35,1183.3500000000001,Paid,1127.0,2025-11-08,No
INV75727,CUST1177,2025-10-22,4110,205.5,4315.5,Unpaid,0.0,,No
INV33383,CUST1177,2025-08-08,4110,205.5,4315.5,Paid,4110.0,2025-08-08,Yes
INV51830,CUST1178,2025-11-30,4100,205.0,4305.0,Unpaid,0.0,,No
INV90055,CUST1178,2026-01-15,4100,205.0,4305.0,Paid,4100.0,2026-01-15,No
INV66563,CUST1178,2025-12-25,4100,205.0,4305.0,Partial,2050.0,2025-12-25,No
INV61257,CUST1179,2025-08-08,4475,223.75,4698.75,Paid,4475.0,2025-08-08,No
INV45944,CUST1179,2025-12-05,4475,223.75,4698.75,Paid,4475.0,2025-12-05,No
INV35954,CUST1180,2025-11-10,3854,192.70000000000002,4046.7000000000003,Paid,3854.0,2025-11-10,No
INV22497,CUST1180,2026-01-04,3854,192.70000000000002,4046.7000000000003,Paid,3854.0,2026-01-04,No
INV23255,CUST1180,2025-10-27,3854,192.70000000000002,4046.7000000000003,Partial,1927.0,2025-10-27,No
INV54523,CUST1180,2025-10-10,3854,192.70000000000002,4046.7000000000003,Partial,1927.0,2025-10-10,No
INV86524,CUST1181,2026-01-01,2943,147.15,3090.15,Unpaid,0.0,,No
INV65805,CUST1181,2025-12-29,2943,147.15,3090.15,Unpaid,0.0,,No
INV54041,CUST1181,2025-11-20,2943,147.15,3090.15,Paid,2943.0,2025-11-20,No
INV29738,CUST1181,2025-09-02,2943,147.15,3090.15,Paid,2943.0,2025-09-02,No
INV25641,CUST1182,2025-10-19,2111,105.55000000000001,2216.55,Paid,2111.0,2025-10-19,No
INV87963,CUST1182,2025-10-29,2111,105.55000000000001,2216.55,Paid,2111.0,2025-10-29,No
INV16511,CUST1182,2025-11-06,2111,105.55000000000001,2216.55,Paid,2111.0,2025-11-06,No
INV33929,CUST1183,2025-11-27,3991,199.55,4190.55,Unpaid,0.0,,No
INV23780,CUST1184,2025-08-08,3338,166.9,3504.9,Paid,3338.0,2025-08-08,No
INV50953,CUST1184,2025-10-08,3338,166.9,3504.9,Paid,3338.0,2025-10-08,No
INV84711,CUST1184,2025-12-17,3338,166.9,3504.9,Paid,3338.0,2025-12-17,No
INV66683,CUST1184,2025-09-21,3338,166.9,3504.9,Paid,3338.0,2025-09-21,No
INV23026,CUST1185,2025-11-02,4783,239.15,5022.150000000001,Partial,2391.5,2025-11-02,No
INV66561,CUST1185,2025-09-03,4783,239.15,5022.150000000001,Paid,4783.0,2025-09-03,No
INV65161,CUST1185,2025-12-02,4783,239.15,5022.150000000001,Paid,4783.0,2025-12-02,No
INV30922,CUST1185,2025-12-08,4783,239.15,5022.150000000001,Paid,4783.0,2025-12-08,No
INV34000,CUST1186,2025-11-20,964,48.2,1012.2,Partial,482.0,2025-11-20,No
INV28395,CUST1186,2025-12-12,964,48.2,1012.2,Paid,964.0,2025-12-12,No
INV60042,CUST1186,2025-08-18,964,48.2,1012.2,Unpaid,0.0,,No
INV79497,CUST1186,2025-09-29,964,48.2,1012.2,Paid,964.0,2025-09-29,No
INV98020,CUST1186,2025-10-21,964,48.2,1012.2,Partial,482.0,2025-10-21,No
INV64710,CUST1187,2026-01-01,1622,81.10000000000001,1703.1000000000001,Unpaid,0.0,,No
INV95824,CUST1187,2025-10-23,1622,81.10000000000001,1703.1000000000001,Paid,1622.0,2025-10-23,No
INV84960,CUST1188,2025-08-15,1743,87.15,1830.15,Paid,1743.0,2025-08-15,No
INV57111,CUST1188,2025-10-25,1743,87.15,1830.15,Paid,1743.0,2025-10-25,No
INV18848,CUST1189,2026-01-15,1574,78.7,1652.7,Paid,1574.0,2026-01-15,No
INV52222,CUST1190,2026-01-26,2998,149.9,3147.9,Paid,2998.0,2026-01-26,No
INV59420,CUST1190,2025-09-11,2998,149.9,3147.9,Paid,2998.0,2025-09-11,No
INV23269,CUST1190,2025-08-22,2998,149.9,3147.9,Unpaid,0.0,,No
INV32553,CUST1190,2025-09-03,2998,149.9,3147.9,Paid,2998.0,2025-09-03,No
INV78154,CUST1190,2026-01-12,2998,149.9,3147.9,Paid,2998.0,2026-01-12,No
INV14621,CUST1191,2025-09-22,3956,197.8,4153.8,Paid,3956.0,2025-09-22,No
INV17566,CUST1191,2025-09-19,3956,197.8,4153.8,Paid,3956.0,2025-09-19,No
INV28323,CUST1192,2025-08-22,4495,224.75,4719.75,Unpaid,0.0,,No
INV20283,CUST1192,2025-08-25,4495,224.75,4719.75,Partial,2247.5,2025-08-25,No
INV60225,CUST1192,2025-12-02,4495,224.75,4719.75,Paid,4495.0,2025-12-02,No
INV19343,CUST1193,2025-09-13,4252,212.60000000000002,4464.6,Paid,4252.0,2025-09-13,No
INV57101,CUST1193,2025-10-12,4252,212.60000000000002,4464.6,Paid,4252.0,2025-10-12,No
INV15313,CUST1193,2025-09-10,4252,212.60000000000002,4464.6,Unpaid,0.0,,No
INV55226,CUST1193,2025-09-18,4252,212.60000000000002,4464.6,Paid,4252.0,2025-09-18,No
INV68219,CUST1194,2026-01-24,1714,85.7,1799.7,Unpaid,0.0,,No
INV63218,CUST1194,2025-09-29,1714,85.7,1799.7,Paid,1714.0,2025-09-29,No
INV91780,CUST1194,2025-09-08,1714,85.7,1799.7,Unpaid,0.0,,No
INV50317,CUST1194,2025-12-03,1714,85.7,1799.7,Paid,1714.0,2025-12-03,No
INV11657,CUST1194,2025-10-30,1714,85.7,1799.7,Paid,1714.0,2025-10-30,No
INV93973,CUST1195,2026-01-28,2108,105.4,2213.4,Paid,2108.0,2026-01-28,No
INV81545,CUST1195,2025-09-08,2108,105.4,2213.4,Paid,2108.0,2025-09-08,No
INV88270,CUST1195,2026-01-26,2108,105.4,2213.4,Paid,2108.0,2026-01-26,No
INV50031,CUST1195,2025-09-15,2108,105.4,2213.4,Paid,2108.0,2025-09-15,No
INV59028,CUST1196,2025-11-12,4977,248.85000000000002,5225.85,Paid,4977.0,2025-11-12,No
INV30435,CUST1196,2025-12-28,4977,248.85000000000002,5225.85,Partial,2488.5,2025-12-28,No
INV41721,CUST1196,2026-01-21,4977,248.85000000000002,5225.85,Paid,4977.0,2026-01-21,Yes
INV72993,CUST1196,2025-12-03,4977,248.85000000000002,5225.85,Unpaid,0.0,,No
INV60258,CUST1197,2025-11-20,1313,65.65,1378.65,Unpaid,0.0,,No
INV56806,CUST1198,2025-12-16,2720,136.0,2856.0,Paid,2720.0,2025-12-16,No
INV99335,CUST1198,2025-08-29,2720,136.0,2856.0,Unpaid,0.0,,No
INV95481,CUST1198,2026-01-07,2720,136.0,2856.0,Paid,2720.0,2026-01-07,No
INV16782,CUST1198,2025-12-05,2720,136.0,2856.0,Paid,2720.0,2025-12-05,Yes
INV85874,CUST1198,2025-11-15,2720,136.0,2856.0,Unpaid,0.0,,No
INV37526,CUST1199,2025-09-05,4394,219.70000000000002,4613.7,Partial,2197.0,2025-09-05,No
INV57947,CUST1199,2025-09-28,4394,219.70000000000002,4613.7,Partial,2197.0,2025-09-28,Yes
INV34816,CUST1199,2025-12-09,4394,219.70000000000002,4613.7,Paid,4394.0,2025-12-09,Yes
INV89211,CUST1199,2025-11-03,4394,219.70000000000002,4613.7,Partial,2197.0,2025-11-03,No
INV42443,CUST1199,2025-12-15,4394,219.70000000000002,4613.7,Paid,4394.0,2025-12-15,No
INV14686,CUST1200,2025-12-04,2209,110.45,2319.4500000000003,Paid,2209.0,2025-12-04,No
INV22205,CUST1200,2026-01-25,2209,110.45,2319.4500000000003,Unpaid,0.0,,No
INV38202,CUST1201,2026-01-20,3990,199.5,4189.5,Paid,3990.0,2026-01-20,No
INV35095,CUST1201,2025-10-04,3990,199.5,4189.5,Paid,3990.0,2025-10-04,No
INV25972,CUST1201,2025-12-27,3990,199.5,4189.5,Paid,3990.0,2025-12-27,No
INV76630,CUST1201,2025-09-10,3990,199.5,4189.5,Paid,3990.0,2025-09-10,No
INV96210,CUST1202,2025-09-29,2355,117.75,2472.75,Paid,2355.0,2025-09-29,No
INV99874,CUST1202,2025-08-10,2355,117.75,2472.75,Paid,2355.0,2025-08-10,No
INV33862,CUST1202,2026-01-11,2355,117.75,2472.75,Paid,2355.0,2026-01-11,No
INV14926,CUST1202,2025-09-06,2355,117.75,2472.75,Paid,2355.0,2025-09-06,No
INV44578,CUST1203,2025-10-24,1604,80.2,1684.2,Paid,1604.0,2025-10-24,No
INV93829,CUST1203,2025-09-13,1604,80.2,1684.2,Paid,1604.0,2025-09-13,No
INV67062,CUST1204,2025-10-13,2079,103.95,2182.9500000000003,Paid,2079.0,2025-10-13,No
INV98302,CUST1204,2025-12-25,2079,103.95,2182.9500000000003,Paid,2079.0,2025-12-25,No
INV51347,CUST1204,2025-09-06,2079,103.95,2182.9500000000003,Paid,2079.0,2025-09-06,No
INV33165,CUST1204,2026-01-27,2079,103.95,2182.9500000000003,Unpaid,0.0,,No
INV49560,CUST1205,2025-11-25,4377,218.85000000000002,4595.85,Paid,4377.0,2025-11-25,No
INV87986,CUST1205,2025-09-19,4377,218.85000000000002,4595.85,Unpaid,0.0,,No
INV10287,CUST1206,2025-08-26,3701,185.05,3886.05,Paid,3701.0,2025-08-26,No
INV48751,CUST1206,2025-10-08,3701,185.05,3886.05,Paid,3701.0,2025-10-08,No
INV13178,CUST1206,2025-12-17,3701,185.05,3886.05,Unpaid,0.0,,No
INV36627,CUST1206,2025-09-15,3701,185.05,3886.05,Paid,3701.0,2025-09-15,No
INV45422,CUST1206,2025-10-13,3701,185.05,3886.05,Paid,3701.0,2025-10-13,No
INV31684,CUST1207,2025-11-01,2187,109.35000000000001,2296.35,Unpaid,0.0,,No
INV58899,CUST1207,2025-09-24,2187,109.35000000000001,2296.35,Paid,2187.0,2025-09-24,No
INV51777,CUST1207,2025-08-31,2187,109.35000000000001,2296.35,Paid,2187.0,2025-08-31,No
INV94762,CUST1208,2026-01-20,3561,178.05,3739.05,Unpaid,0.0,,No
INV58443,CUST1208,2025-12-14,3561,178.05,3739.05,Paid,3561.0,2025-12-14,Yes
INV72559,CUST1208,2025-11-09,3561,178.05,3739.05,Paid,3561.0,2025-11-09,No
INV43783,CUST1208,2025-12-21,3561,178.05,3739.05,Paid,3561.0,2025-12-21,No
INV27653,CUST1208,2025-12-21,3561,178.05,3739.05,Paid,3561.0,2025-12-21,No
INV53169,CUST1209,2025-10-17,3479,173.95000000000002,3652.9500000000003,Unpaid,0.0,,No
INV66392,CUST1210,2025-11-27,2906,145.3,3051.3,Paid,2906.0,2025-11-27,No
INV79345,CUST1211,2026-01-22,3568,178.4,3746.4,Unpaid,0.0,,No
INV91531,CUST1212,2025-11-27,4753,237.65,4990.650000000001,Paid,4753.0,2025-11-27,No
INV72008,CUST1212,2025-08-30,4753,237.65,4990.650000000001,Paid,4753.0,2025-08-30,No
INV37236,CUST1212,2026-01-03,4753,237.65,4990.650000000001,Paid,4753.0,2026-01-03,No
INV29053,CUST1212,2025-09-29,4753,237.65,4990.650000000001,Unpaid,0.0,,No
INV20553,CUST1213,2025-09-12,3986,199.3,4185.3,Paid,3986.0,2025-09-12,No
INV17189,CUST1213,2025-12-27,3986,199.3,4185.3,Partial,1993.0,2025-12-27,No
INV37564,CUST1214,2025-10-24,4080,204.0,4284.0,Paid,4080.0,2025-10-24,No
INV27046,CUST1214,2026-01-14,4080,204.0,4284.0,Paid,4080.0,2026-01-14,Yes
INV15060,CUST1214,2025-10-01,4080,204.0,4284.0,Unpaid,0.0,,No
INV71158,CUST1214,2025-10-20,4080,204.0,4284.0,Unpaid,0.0,,Yes
INV82684,CUST1214,2025-09-14,4080,204.0,4284.0,Paid,4080.0,2025-09-14,No
INV35256,CUST1215,2025-12-17,3373,168.65,3541.65,Unpaid,0.0,,No
INV53116,CUST1215,2025-12-19,3373,168.65,3541.65,Paid,3373.0,2025-12-19,No
INV32394,CUST1215,2025-11-06,3373,168.65,3541.65,Paid,3373.0,2025-11-06,No
INV50222,CUST1215,2025-12-20,3373,168.65,3541.65,Unpaid,0.0,,No
INV79590,CUST1215,2025-11-10,3373,168.65,3541.65,Unpaid,0.0,,No
INV58924,CUST1216,2025-12-28,3399,169.95000000000002,3568.9500000000003,Partial,1699.5,2025-12-28,No
INV44753,CUST1216,2025-09-01,3399,169.95000000000002,3568.9500000000003,Paid,3399.0,2025-09-01,No
INV35216,CUST1216,2025-11-04,3399,169.95000000000002,3568.9500000000003,Paid,3399.0,2025-11-04,No
INV57014,CUST1216,2025-11-06,3399,169.95000000000002,3568.9500000000003,Unpaid,0.0,,No
INV24389,CUST1216,2025-11-05,3399,169.95000000000002,3568.9500000000003,Paid,3399.0,2025-11-05,No
INV28624,CUST1217,2026-01-12,4833,241.65,5074.650000000001,Paid,4833.0,2026-01-12,No
INV17493,CUST1217,2025-10-13,4833,241.65,5074.650000000001,Paid,4833.0,2025-10-13,No
INV57234,CUST1217,2025-10-12,4833,241.65,5074.650000000001,Unpaid,0.0,,No
INV93564,CUST1218,2025-10-16,1036,51.800000000000004,1087.8,Paid,1036.0,2025-10-16,No
INV96005,CUST1218,2025-08-18,1036,51.800000000000004,1087.8,Partial,518.0,2025-08-18,No
INV62664,CUST1218,2025-08-12,1036,51.800000000000004,1087.8,Paid,1036.0,2025-08-12,No
INV71269,CUST1218,2025-12-11,1036,51.800000000000004,1087.8,Paid,1036.0,2025-12-11,No
INV33154,CUST1218,2025-12-21,1036,51.800000000000004,1087.8,Paid,1036.0,2025-12-21,No
INV23331,CUST1219,2025-11-16,2104,105.2,2209.2000000000003,Paid,2104.0,2025-11-16,No
INV64478,CUST1219,2025-12-24,2104,105.2,2209.2000000000003,Partial,1052.0,2025-12-24,No
INV91418,CUST1219,2026-01-21,2104,105.2,2209.2000000000003,Paid,2104.0,2026-01-21,Yes
